Id;Label;Interval;Degree;Weighted degree;Eccentricity;Closeness Centrality;Harmonic Closeness Centrality;Betweenness Centrality;PageRank;Component ID;Modularity Class;Clustering Coefficient;Number of triangles;Eigenvector Centrality
ACTIVE LEARNING;ACTIVE LEARNING;;6;46.0;4.0;0.30774550484094054;0.34438202247191013;0.0014372234096188545;0.0019249644369734626;0;9;0.0;0;0.14160009386239206
ADAM;ADAM;;13;102.0;3.0;0.35429936305732485;0.3726591760299631;0.012845539858112893;0.004415044464038094;0;2;0.0;0;0.22067888954513715
ADOBE ILLUSTRATOR;ADOBE ILLUSTRATOR;;1;8.0;4.0;0.26300236406619387;0.2705992509363293;0.0;9,73E+11;0;5;0.0;0;0.007185605726270189
ADOBE PHOTOSHOP;ADOBE PHOTOSHOP;;1;1.0;4.0;0.26300236406619387;0.2705992509363293;0.0;9,73E+11;0;5;0.0;0;0.007185605726270189
ADRIAN;ADRIAN;;23;192.0;3.0;0.36003236245954695;0.38764044943820297;0.012642354794593984;0.006461698629985679;0;2;0.0;0;0.38593246494133165
AGILE METHODOLOGIES;AGILE METHODOLOGIES;;1;8.0;4.0;0.26300236406619387;0.2705992509363293;0.0;9,73E+11;0;5;0.0;0;0.007185605726270189
AI AGENTS;AI AGENTS;;11;84.0;4.0;0.3257686676427526;0.3715355805243447;0.005523715276927186;0.0032202494368732794;0;2;0.0;0;0.25884862846523893
AI GOVERNANCE;AI GOVERNANCE;;3;24.0;4.0;0.28821243523316065;0.31404494382022446;1,97E+12;0.001095723848916553;0;3;0.0;0;0.08316518431848685
AI HARDWARE OPTIMIZATION;AI HARDWARE OPTIMIZATION;;1;7.0;4.0;0.2667865707434053;0.2773408239700371;0.0;7,00E+11;0;9;0.0;0;0.013629693973408297
AI MODEL DEPLOYMENT;AI MODEL DEPLOYMENT;;7;56.0;4.0;0.319683908045977;0.36048689138576784;0.002317154106437676;0.002178410573423333;0;8;0.0;0;0.2179630040256436
AI MODEL MONITORING;AI MODEL MONITORING;;5;40.0;4.0;0.30689655172413793;0.3423220973782771;7,19E+11;0.0015880174635917606;0;2;0.0;0;0.16278202470737976
AIRFLOW;AIRFLOW;;3;22.0;4.0;0.2823604060913706;0.30505617977528066;2,88E+11;0.0011772153475233511;0;5;0.0;0;0.06670230118472577
AI SAFETY;AI SAFETY;;1;8.0;4.0;0.27300613496932513;0.2880149812734079;0.0;5,81E+11;0;2;0.0;0;0.031940976852475836
AI SECURITY;AI SECURITY;;2;15.0;4.0;0.2770859277708593;0.29569288389513076;7,85E+10;8,55E+11;0;2;0.0;0;0.042811946000324924
ALEJANDRO;ALEJANDRO;;9;68.0;3.0;0.35205696202531644;0.3666666666666671;0.010302976036596587;0.003335617610537859;0;1;0.0;0;0.1536744128786758
ALEX;ALEX;;20;145.0;3.0;0.35829307568438;0.38314606741573104;0.013057885129542939;0.005942486965713761;0;6;0.0;0;0.34122818064960786
ALVARO;ALVARO;;46;345.0;3.0;0.3739495798319328;0.42209737827715477;0.05093091368829691;0.014124823533073263;0;8;0.0;0;0.5518300464748712
AMAZON ECS;AMAZON ECS;;4;30.0;4.0;0.30313351498637603;0.3363295880149813;0.0010417672727597057;0.0014736857261368006;0;9;0.0;0;0.10882412209671034
AMAZON EKS;AMAZON EKS;;1;7.0;4.0;0.2667865707434053;0.2773408239700371;0.0;7,00E+11;0;9;0.0;0;0.013629693973408297
AMAZON S3;AMAZON S3;;7;55.0;4.0;0.3219971056439942;0.36329588014981273;0.00332057240630694;0.002323410779095332;0;9;0.0;0;0.1778060078003961
ANALYST PROGRAMMER;ANALYST PROGRAMMER;;1;8.0;4.0;0.2703523693803159;0.28352059925093603;0.0;6,03E+09;0;5;0.0;0;0.026060588713439994
ANGEL;ANGEL;;19;183.0;3.0;0.35771704180064307;0.3816479400749068;0.04931429770077935;0.010090486031799484;0;4;0.0;0;0.14764100461526483
ANOMALY DETECTION;ANOMALY DETECTION;;3;23.0;4.0;0.2908496732026144;0.31797752808988755;2,27E+12;0.001095764222823403;0;8;0.0;0;0.07866715566433742
ANSIBLE;ANSIBLE;;1;8.0;4.0;0.26839565741857657;0.2801498127340821;0.0;5,95E+11;0;8;0.0;0;0.02271693245204447
ANTONIO;ANTONIO;;14;109.0;3.0;0.3548644338118022;0.3741573033707873;0.03266276071731058;0.006731216378563371;0;1;0.0;0;0.1799185885682717
APACHE AVRO;APACHE AVRO;;1;8.0;4.0;0.2703523693803159;0.28352059925093603;0.0;6,03E+09;0;5;0.0;0;0.026060588713439994
APACHE CASSANDRA;APACHE CASSANDRA;;2;15.0;4.0;0.2827191867852605;0.3046816479400745;2,12E+11;9,72E+11;0;9;0.0;0;0.047015590204649085
APACHE FLINK;APACHE FLINK;;3;23.0;4.0;0.28783958602846055;0.3134831460674154;5,39E+10;0.001246902020072478;0;3;0.0;0;0.06170145052238686
APACHE HADOOP;APACHE HADOOP;;7;55.0;4.0;0.3098885793871866;0.34812734082397007;0.001802214219178697;0.0021737945007511573;0;9;0.0;0;0.18417744263155905
APACHE HIVE;APACHE HIVE;;3;23.0;4.0;0.2904699738903394;0.3174157303370785;5,31E+11;0.0012380421712978272;0;5;0.0;0;0.07307617891808905
APACHE KAFKA;APACHE KAFKA;;7;54.0;4.0;0.3219971056439942;0.3632958801498128;0.0030461271844733962;0.0022902918909737235;0;2;0.0;0;0.1755664655135561
APACHE NIFI;APACHE NIFI;;2;14.0;4.0;0.2753712871287129;0.29288389513108576;3,31E+12;0.0010064172421984478;0;0;0.0;0;0.03282243631058284
APACHE PARQUET;APACHE PARQUET;;3;23.0;4.0;0.288961038961039;0.31516853932584254;2,87E+11;0.001135233049358212;0;5;0.0;0;0.0701490567398264
APACHE PIG;APACHE PIG;;1;8.0;4.0;0.2703523693803159;0.28352059925093603;0.0;6,03E+09;0;5;0.0;0;0.026060588713439994
APACHE PULSAR;APACHE PULSAR;;1;7.0;4.0;0.2667865707434053;0.2773408239700371;0.0;7,00E+11;0;9;0.0;0;0.013629693973408297
APACHE SPARK;APACHE SPARK;;19;149.0;4.0;0.35657051282051283;0.41217228464419486;0.015644925590849953;0.005417926164746386;0;8;0.0;0;0.47126473620281084
APACHE STORM;APACHE STORM;;1;7.0;4.0;0.2667865707434053;0.2773408239700371;0.0;7,00E+11;0;9;0.0;0;0.013629693973408297
API DEVELOPMENT;API DEVELOPMENT;;2;16.0;4.0;0.26742788461538464;0.2794007490636702;1,45E+10;8,77E+11;0;2;0.0;0;0.039025182217593775
ASP.NET;ASP.NET;;1;7.0;4.0;0.2608440797186401;0.2666666666666664;0.0;6,13E+11;0;1;0.0;0;0.009840045511412277
AUDIO PROCESSING;AUDIO PROCESSING;;2;16.0;4.0;0.2760545905707196;0.29400749063670384;4,70E+10;8,41E+11;0;8;0.0;0;0.04955885986328756
AUTOENCODERS;AUTOENCODERS;;3;23.0;4.0;0.28635778635778636;0.31123595505617957;1,80E+12;0.001104040068289466;0;8;0.0;0;0.07608505945959407
AWS;AWS;;13;103.0;4.0;0.33969465648854963;0.38913857677902647;0.008818589958424173;0.003900628248373882;0;9;0.0;0;0.3179352743507414
AWS API GATEWAY;AWS API GATEWAY;;1;8.0;4.0;0.26519666269368297;0.2745318352059922;0.0;6,37E+11;0;6;0.0;0;0.017617448837067985
AWS CLOUDFORMATION;AWS CLOUDFORMATION;;4;31.0;4.0;0.2870967741935484;0.31329588014981247;4,63E+12;0.00144103225349499;0;9;0.0;0;0.10146012461419263
AWS CLOUDFRONT;AWS CLOUDFRONT;;1;8.0;4.0;0.2757125154894672;0.2925093632958799;0.0;5,87E+11;0;7;0.0;0;0.038368269376048945
AWS CLOUDTRAIL;AWS CLOUDTRAIL;;1;7.0;4.0;0.2667865707434053;0.2773408239700371;0.0;7,00E+11;0;9;0.0;0;0.013629693973408297
AWS CODEDEPLOY;AWS CODEDEPLOY;;1;7.0;4.0;0.2667865707434053;0.2773408239700371;0.0;7,00E+11;0;9;0.0;0;0.013629693973408297
AWS DEVOPS ENGINEER;AWS DEVOPS ENGINEER;;1;9.0;4.0;0.2620730270906949;0.2689138576779023;0.0;6,80E+11;0;2;0.0;0;0.010392199073980615
AWS DYNAMODB;AWS DYNAMODB;;1;7.0;4.0;0.2667865707434053;0.2773408239700371;0.0;7,00E+11;0;9;0.0;0;0.013629693973408297
AWS EC2;AWS EC2;;1;8.0;4.0;0.26519666269368297;0.2745318352059922;0.0;6,37E+11;0;6;0.0;0;0.017617448837067985
AWS ELASTIC BEANSTALK;AWS ELASTIC BEANSTALK;;1;8.0;4.0;0.2757125154894672;0.2925093632958799;0.0;5,87E+11;0;7;0.0;0;0.038368269376048945
AWS EMR;AWS EMR;;1;8.0;4.0;0.26519666269368297;0.2745318352059922;0.0;6,37E+11;0;6;0.0;0;0.017617448837067985
AWS GLUE;AWS GLUE;;7;55.0;4.0;0.30067567567567566;0.33576779026217213;0.0023154343207060332;0.002349479019039024;0;9;0.0;0;0.1534547073318529
AWS LAMBDA;AWS LAMBDA;;10;78.0;4.0;0.32434402332361517;0.36891385767790275;0.005158098081214561;0.003134854802546627;0;9;0.0;0;0.2299298726294793
AWS RDS;AWS RDS;;3;24.0;4.0;0.2943121693121693;0.3230337078651684;3,89E+12;0.0011591937971030682;0;6;0.0;0;0.08937161444435773
AWS REDSHIFT;AWS REDSHIFT;;2;16.0;4.0;0.2908496732026144;0.3170411985018724;1,29E+11;8,66E+11;0;9;0.0;0;0.06660339510977804
AWS S3;AWS S3;;8;64.0;4.0;0.3219971056439942;0.3642322097378277;0.0031953733169049984;0.002498387546431429;0;9;0.0;0;0.22259757871186484
AWS SAGEMAKER;AWS SAGEMAKER;;5;40.0;4.0;0.2998652291105121;0.33277153558052436;8,16E+11;0.001638070584387818;0;9;0.0;0;0.1438276624378534
AWS SQS;AWS SQS;;1;8.0;4.0;0.2770859277708593;0.2947565543071158;0.0;6,08E+11;0;9;0.0;0;0.033385896231240775
AZURE;AZURE;;28;218.0;4.0;0.3931095406360424;0.4531835205992511;0.03645493898100882;0.0081055514969629;0;1;0.0;0;0.5940260318407686
AZURE AI;AZURE AI;;5;38.0;4.0;0.296271637816245;0.3277153558052434;0.0010333056747443088;0.0016954497419758296;0;2;0.0;0;0.1225759147202268
AZURE COGNITIVE SERVICES;AZURE COGNITIVE SERVICES;;2;16.0;4.0;0.2809343434343434;0.30187265917602973;2,53E+11;8,08E+11;0;7;0.0;0;0.06117063949865334
AZURE DATA FACTORY;AZURE DATA FACTORY;;15;117.0;4.0;0.33763277693474963;0.3887640449438203;0.007575372291875869;0.00433391415192482;0;9;0.0;0;0.35245624380738166
AZURE DATALAKE;AZURE DATALAKE;;1;7.0;4.0;0.263938315539739;0.2722846441947563;0.0;5,89E+11;0;6;0.0;0;0.017038713196078872
AZURE DEVOPS;AZURE DEVOPS;;17;133.0;4.0;0.34389489953632146;0.3973782771535581;0.010516865826610966;0.004916950352359785;0;8;0.0;0;0.3638714831224905
AZURE FUNCTIONS;AZURE FUNCTIONS;;8;62.0;4.0;0.30689655172413793;0.3451310861423221;0.002337749261564762;0.002459353668060422;0;2;0.0;0;0.1737269361220093
AZURE KUBERNETES SERVICE;AZURE KUBERNETES SERVICE;;3;24.0;4.0;0.2970627503337784;0.32696629213483136;5,15E+09;0.0011821114727913608;0;0;0.0;0;0.08499565188139795
AZURE LOGIC APPS;AZURE LOGIC APPS;;2;16.0;4.0;0.26583034647550774;0.2765917602996251;4,03E+11;9,64E+11;0;1;0.0;0;0.025228096258361067
AZURE MACHINE LEARNING;AZURE MACHINE LEARNING;;5;39.0;4.0;0.30437756497948015;0.3389513108614232;5,46E+11;0.0015740417619161601;0;8;0.0;0;0.15761509349132347
AZURE SYNAPSE;AZURE SYNAPSE;;4;32.0;4.0;0.2912303664921466;0.31947565543071127;5,53E+11;0.0014486651943865958;0;7;0.0;0;0.09239532246221305
BACHELOR OF AEROSPACE ENGINEERING;BACHELOR OF AEROSPACE ENGINEERING;;3;30.0;4.0;0.2841634738186462;0.30786516853932566;1,26E+12;0.0010861204042092105;0;7;0.0;0;0.07612638580966351
BACHELOR OF BUSINESS ADMINISTRATION;BACHELOR OF BUSINESS ADMINISTRATION;;1;9.0;4.0;0.2757125154894672;0.2925093632958799;0.0;5,87E+11;0;7;0.0;0;0.038368269376048945
BACHELOR OF CIVIL ENGINEERING;BACHELOR OF CIVIL ENGINEERING;;2;17.0;4.0;0.2757125154894672;0.29344569288389477;1,50E+12;9,33E+11;0;8;0.0;0;0.039845005735113875
BACHELOR OF COMPUTER ENGINEERING;BACHELOR OF COMPUTER ENGINEERING;;8;72.0;4.0;0.3094575799721836;0.34850187265917604;0.002365444625673134;0.0024862104873184677;0;2;0.0;0;0.17915252962581893
BACHELOR OF COMPUTER SCIENCE;BACHELOR OF COMPUTER SCIENCE;;8;74.0;4.0;0.3103207810320781;0.3496254681647942;0.004896766405841818;0.0029083166778035956;0;4;0.0;0;0.13093840320518482
BACHELOR OF COMPUTER SCIENCE AND INFORMATION TECHNOLOGIES ENGINEERING;BACHELOR OF COMPUTER SCIENCE AND INFORMATION TECHNOLOGIES ENGINEERING;;1;9.0;4.0;0.27639751552795033;0.2936329588014978;0.0;5,95E+11;0;8;0.0;0;0.03321749887853725
BACHELOR OF DATA ENGINEERING;BACHELOR OF DATA ENGINEERING;;2;18.0;4.0;0.26839565741857657;0.28108614232209705;6,33E+08;8,06E+11;0;9;0.0;0;0.05444453440954362
BACHELOR OF DIGITAL AND MULTIMEDIA TECHNOLOGY;BACHELOR OF DIGITAL AND MULTIMEDIA TECHNOLOGY;;1;9.0;4.0;0.26871980676328505;0.2807116104868911;0.0;5,82E+11;0;8;0.0;0;0.026841927411243107
BACHELOR OF ECONOMICS AND MANAGEMENT;BACHELOR OF ECONOMICS AND MANAGEMENT;;1;8.0;4.0;0.26742788461538464;0.27846441947565514;0.0;6,58E+11;0;9;0.0;0;0.019323431329330627
BACHELOR OF ELECTRONIC ENGINEERING;BACHELOR OF ELECTRONIC ENGINEERING;;1;9.0;4.0;0.2667865707434053;0.2773408239700371;0.0;6,60E+11;0;3;0.0;0;0.017797359773723636
BACHELOR OF INDUSTRIAL ELECTRONIC AND AUTOMATIC ENGINEERING;BACHELOR OF INDUSTRIAL ELECTRONIC AND AUTOMATIC ENGINEERING;;1;9.0;4.0;0.26176470588235295;0.26835205992509337;0.0;6,79E+11;0;1;0.0;0;0.010174393707099537
BACHELOR OF INDUSTRIAL ELECTRONIC ENGINEERING;BACHELOR OF INDUSTRIAL ELECTRONIC ENGINEERING;;1;10.0;4.0;0.2620730270906949;0.2689138576779023;0.0;7,42E+11;0;1;0.0;0;0.00985120026446035
BACHELOR OF INDUSTRIAL TECHNOLOGIES ENGINEERING;BACHELOR OF INDUSTRIAL TECHNOLOGIES ENGINEERING;;1;9.0;4.0;0.26646706586826346;0.27677902621722816;0.0;5,85E+11;0;1;0.0;0;0.022571524959775033
BACHELOR OF MATERIALS ENGINEERING;BACHELOR OF MATERIALS ENGINEERING;;1;9.0;4.0;0.26937046004842613;0.28183520599250905;0.0;5,84E+11;0;8;0.0;0;0.02533335122677969
BACHELOR OF MATHEMATICS;BACHELOR OF MATHEMATICS;;3;19.0;4.0;0.2753712871287129;0.29382022471910085;1,17E+12;0.0011484437824867573;0;8;0.0;0;0.05521075917358885
BACHELOR OF MATHEMATICS AND COMPUTER SCIENCE;BACHELOR OF MATHEMATICS AND COMPUTER SCIENCE;;1;9.0;4.0;0.263938315539739;0.2722846441947563;0.0;6,12E+11;0;3;0.0;0;0.014685860317737772
BACHELOR OF MECHATRONICS ENGINEERING;BACHELOR OF MECHATRONICS ENGINEERING;;1;9.0;4.0;0.263938315539739;0.27228464419475623;0.0;6,22E+11;0;1;0.0;0;0.01505370255126152
BACHELOR OF PHYSICS;BACHELOR OF PHYSICS;;4;34.0;4.0;0.2827191867852605;0.30655430711610465;4,39E+12;0.0014705113281647615;0;8;0.0;0;0.08250093990841664
BACHELOR OF SOCIAL COMMUNICATION AND JOURNALISM;BACHELOR OF SOCIAL COMMUNICATION AND JOURNALISM;;1;9.0;4.0;0.26300236406619387;0.2705992509363293;0.0;9,73E+11;0;5;0.0;0;0.007185605726270189
BACHELOR OF SOFTWARE ENGINEERING;BACHELOR OF SOFTWARE ENGINEERING;;1;9.0;4.0;0.2620730270906949;0.2689138576779023;0.0;6,11E+11;0;1;0.0;0;0.010870969147849099
BACHELOR OF TELECOMMUNICATION ENGINEERING;BACHELOR OF TELECOMMUNICATION ENGINEERING;;1;9.0;4.0;0.2667865707434053;0.2773408239700371;0.0;6,60E+11;0;3;0.0;0;0.017797359773723636
BACHELOR OF TELECOMMUNICATIONS ENGINEERING;BACHELOR OF TELECOMMUNICATIONS ENGINEERING;;2;18.0;4.0;0.27300613496932513;0.28895131086142295;2,56E+11;8,34E+11;0;8;0.0;0;0.041861365158484674
BACHELOR OF TELEMATICS ENGINEERING;BACHELOR OF TELEMATICS ENGINEERING;;1;9.0;4.0;0.26710684273709484;0.2779026217228462;0.0;6,43E+11;0;0;0.0;0;0.019192742337174544
BACKEND AND DEVOPS ENGINEER;BACKEND AND DEVOPS ENGINEER;;2;16.0;4.0;0.26742788461538464;0.2794007490636702;1,45E+10;8,77E+11;0;2;0.0;0;0.039025182217593775
BACKEND DEVELOPER;BACKEND DEVELOPER;;2;15.0;4.0;0.2706812652068126;0.28501872659176003;7,74E+10;9,23E+11;0;6;0.0;0;0.032110121697962894
BACKEND DEVELOPMENT;BACKEND DEVELOPMENT;;2;16.0;4.0;0.26742788461538464;0.2794007490636702;1,45E+10;8,77E+11;0;2;0.0;0;0.039025182217593775
BASH;BASH;;1;7.0;4.0;0.2620730270906949;0.2689138576779023;0.0;7,45E+11;0;1;0.0;0;0.009550714543727223
BAYESIAN NETWORKS;BAYESIAN NETWORKS;;3;24.0;4.0;0.28635778635778636;0.31123595505617957;2,13E+12;0.001126362544681167;0;3;0.0;0;0.07751236358616195
BEAUTIFULSOUP;BEAUTIFULSOUP;;1;8.0;4.0;0.2770859277708593;0.29475655430711584;0.0;6,07E+11;0;8;0.0;0;0.034235470254900154
BIG DATA;BIG DATA;;1;9.0;4.0;0.26145710928319627;0.26779026217228435;0.0;7,07E+11;0;1;0.0;0;0.00972346686595625
BIG DATA ENGINEER;BIG DATA ENGINEER;;1;8.0;4.0;0.2620730270906949;0.2689138576779023;0.0;7,45E+11;0;1;0.0;0;0.009550714543727223
BIG DATA MASTER TEACHER;BIG DATA MASTER TEACHER;;1;7.0;4.0;0.26145710928319627;0.26779026217228435;0.0;7,07E+11;0;1;0.0;0;0.00972346686595625
BIGQUERY;BIGQUERY;;3;23.0;4.0;0.2970627503337784;0.32696629213483147;2,96E+12;0.001105715879150906;0;8;0.0;0;0.09962054403535614
BOKEH;BOKEH;;1;8.0;4.0;0.2770859277708593;0.29475655430711584;0.0;6,07E+11;0;8;0.0;0;0.034235470254900154
BRUNO;BRUNO;;9;63.0;3.0;0.35205696202531644;0.36666666666666714;0.010194090369618831;0.0032561907176489576;0;1;0.0;0;0.17943884227718146
BUSINESS ANALYST;BUSINESS ANALYST;;2;17.0;4.0;0.2791718946047679;0.2990636704119848;2,93E+11;8,18E+11;0;7;0.0;0;0.054677415675552364
BUSINESS INTELLIGENCE;BUSINESS INTELLIGENCE;;1;7.0;4.0;0.2623820754716981;0.26947565543071134;0.0;6,72E+11;0;1;0.0;0;0.01181022995434406
BUSINESS INTELLIGENCE CONSULTANT;BUSINESS INTELLIGENCE CONSULTANT;;1;8.0;4.0;0.26176470588235295;0.26835205992509337;0.0;6,79E+11;0;1;0.0;0;0.010174393707099537
BUSINESS INTELLIGENCE DEVELOPER;BUSINESS INTELLIGENCE DEVELOPER;;1;9.0;4.0;0.263938315539739;0.27228464419475623;0.0;6,22E+11;0;1;0.0;0;0.01505370255126152
C;C;;1;8.0;4.0;0.26839565741857657;0.28014981273408207;0.0;5,78E+11;0;8;0.0;0;0.026198916174138668
C#;C#;;11;78.0;4.0;0.29314888010540185;0.3288389513108614;0.002174523926755342;0.0034085540338847516;0;1;0.0;0;0.15602527968788732
C++;C++;;3;18.0;4.0;0.28164556962025317;0.30393258426966274;1,58E+12;0.001113801459914805;0;1;0.0;0;0.06163846926237462
CARLOS;CARLOS;;25;194.0;3.0;0.3612012987012987;0.39063670411985085;0.047711841068976406;0.010077742765745634;0;1;0.0;0;0.3013957649217682
CATALAN;CATALAN;;4;40.0;4.0;0.2958776595744681;0.3262172284644193;2,55E+12;0.0013169939238323837;0;9;0.0;0;0.12436877778905749
CAUSAL INFERENCE;CAUSAL INFERENCE;;3;24.0;4.0;0.28022670025188917;0.3016853932584267;2,71E+12;0.0011833701928279387;0;3;0.0;0;0.05781657131824111
CHATBOT DEVELOPER;CHATBOT DEVELOPER;;1;9.0;4.0;0.2636255924170616;0.2717228464419473;0.0;5,91E+11;0;2;0.0;0;0.013820629298390097
CHATBOTS;CHATBOTS;;7;55.0;4.0;0.3129395218002813;0.35205992509363315;0.0012509259965904262;0.002095363591368303;0;7;0.0;0;0.18877735786874605
CI/CD;CI/CD;;1;8.0;4.0;0.26519666269368297;0.2745318352059922;0.0;6,37E+11;0;6;0.0;0;0.017617448837067985
CLOUDFORMATION;CLOUDFORMATION;;1;7.0;4.0;0.2605386416861827;0.26610486891385743;0.0;6,44E+10;0;1;0.0;0;0.009137144142347791
CLOUDSTACK;CLOUDSTACK;;1;8.0;4.0;0.27300613496932513;0.2880149812734079;0.0;5,81E+11;0;2;0.0;0;0.031940976852475836
CNN;CNN;;7;56.0;4.0;0.3142655367231638;0.35374531835205997;0.0013481625673816453;0.002096248553835124;0;8;0.0;0;0.21337458390711908
COBOL;COBOL;;1;6.0;4.0;0.2620730270906949;0.2689138576779023;0.0;7,45E+11;0;1;0.0;0;0.009550714543727223
COMMERCIAL ADVISOR;COMMERCIAL ADVISOR;;1;7.0;4.0;0.26742788461538464;0.27846441947565514;0.0;6,58E+11;0;9;0.0;0;0.019323431329330627
COMPUTER VISION;COMPUTER VISION;;10;82.0;4.0;0.33610271903323263;0.3823970037453184;0.005175614659541812;0.00299650940456194;0;8;0.0;0;0.2731932274611496
CONSULTANT;CONSULTANT;;4;30.0;4.0;0.2791718946047679;0.30093632958801475;1,84E+12;0.0013859418136980377;0;1;0.0;0;0.07140389572308156
CONTROLLER AND PURCHASING RESPONSIBLE;CONTROLLER AND PURCHASING RESPONSIBLE;;1;7.0;4.0;0.26742788461538464;0.27846441947565514;0.0;6,58E+11;0;9;0.0;0;0.019323431329330627
CORE ML;CORE ML;;1;8.0;4.0;0.26176470588235295;0.26835205992509337;0.0;6,25E+11;0;2;0.0;0;0.011263090944034992
DANIEL;DANIEL;;19;148.0;3.0;0.35771704180064307;0.38164794007490715;0.011085909723245904;0.005699176801966827;0;2;0.0;0;0.2687727718369654
DARIO;DARIO;;20;159.0;3.0;0.35829307568438;0.38314606741573115;0.022169033623746226;0.00673259280917784;0;1;0.0;0;0.2947169457015087
DATA_SCIENTIST;DATA_SCIENTIST;;1;9.0;4.0;0.2770859277708593;0.29475655430711584;0.0;6,07E+11;0;8;0.0;0;0.034235470254900154
DATA ANALYST;DATA ANALYST;;3;23.0;4.0;0.2893368010403121;0.31573033707865156;1,84E+12;0.001093659752544007;0;8;0.0;0;0.08641855305487317
DATA AUGMENTATION;DATA AUGMENTATION;;7;55.0;4.0;0.3147100424328147;0.35430711610486904;0.0013972454584753246;0.0021030605543401045;0;8;0.0;0;0.20739088672876743
DATABASE ADMIN;DATABASE ADMIN;;1;7.0;4.0;0.2667865707434053;0.2773408239700371;0.0;7,00E+11;0;9;0.0;0;0.013629693973408297
DATABASES;DATABASES;;1;8.0;4.0;0.26176470588235295;0.26835205992509337;0.0;6,25E+11;0;2;0.0;0;0.011263090944034992
DATABRICKS;DATABRICKS;;24;186.0;4.0;0.38230240549828176;0.44044943820224736;0.025383132133654136;0.006740856082104578;0;8;0.0;0;0.5631632627307798
DATA DRIFT DETECTION;DATA DRIFT DETECTION;;4;31.0;4.0;0.2954847277556441;0.32565543071161035;3,16E+12;0.001330335587895037;0;8;0.0;0;0.11674840156706592
DATA ENGINEER;DATA ENGINEER;;5;42.0;4.0;0.2904699738903394;0.31928838951310845;0.0010685497258875435;0.0017777546562430066;0;9;0.0;0;0.11556014285581047
DATA ENGINEERING;DATA ENGINEERING;;1;8.0;4.0;0.2620730270906949;0.2689138576779023;0.0;7,42E+11;0;1;0.0;0;0.00985120026446035
DATA LAKE;DATA LAKE;;7;55.0;4.0;0.2998652291105121;0.3346441947565542;8,08E+11;0.0020745728520051173;0;9;0.0;0;0.18240395231192644
DATA MESH;DATA MESH;;3;24.0;4.0;0.28164556962025317;0.3039325842696627;6,43E+10;0.0010776152834966047;0;9;0.0;0;0.08783043064078434
DATA SCIENCE;DATA SCIENCE;;1;9.0;4.0;0.2667865707434053;0.2773408239700372;0.0;6,04E+11;0;7;0.0;0;0.021448970134111178
DATA SCIENTIST;DATA SCIENTIST;;13;105.0;4.0;0.3257686676427526;0.37340823970037457;0.005155845910961903;0.0038157110656650436;0;2;0.0;0;0.2614877498372963
DATA SCIENTIST JUNIOR;DATA SCIENTIST JUNIOR;;1;7.0;4.0;0.26176470588235295;0.26835205992509337;0.0;6,79E+11;0;1;0.0;0;0.010174393707099537
DATA SCIENTIST LEAD;DATA SCIENTIST LEAD;;1;9.0;4.0;0.2667865707434053;0.2773408239700371;0.0;6,60E+11;0;3;0.0;0;0.017797359773723636
DATA VERSIONING;DATA VERSIONING;;3;24.0;4.0;0.29946164199192465;0.33033707865168527;3,36E+11;0.0011145201683210454;0;8;0.0;0;0.09193674633655774
DATA WAREHOUSE;DATA WAREHOUSE;;5;40.0;4.0;0.3103207810320781;0.346816479400749;0.0010468221172744204;0.001660333197477439;0;9;0.0;0;0.14709746593776193
DAVID;DAVID;;10;79.0;3.0;0.3526148969889065;0.3681647940074913;0.024003764537631245;0.005491233730108426;0;4;0.0;0;0.11289580120797212
DEEP LEARNING;DEEP LEARNING;;15;123.0;4.0;0.3471138845553822;0.3988764044943822;0.007612804477805768;0.004147893816416764;0;8;0.0;0;0.42716051443846104
DELTA LAKE;DELTA LAKE;;10;80.0;4.0;0.3229317851959361;0.3672284644194756;0.003183297275979602;0.0029345477981701073;0;9;0.0;0;0.2772127358065687
DEVELOPER;DEVELOPER;;1;9.0;4.0;0.2608440797186401;0.2666666666666664;0.0;8,03E+11;0;4;0.0;0;0.0063209886052289525
DEVOPS;DEVOPS;;2;16.0;4.0;0.26742788461538464;0.2794007490636702;1,45E+10;8,77E+11;0;2;0.0;0;0.039025182217593775
DEVOPS ENGINEER;DEVOPS ENGINEER;;1;8.0;4.0;0.26551312649164677;0.27509363295880124;0.0;6,71E+11;0;0;0.0;0;0.015071408501884006
DEVSECOPS;DEVSECOPS;;2;16.0;4.0;0.26742788461538464;0.2794007490636702;1,45E+10;8,77E+11;0;2;0.0;0;0.039025182217593775
DIEGO;DIEGO;;37;294.0;3.0;0.36837748344370863;0.40861423220973886;0.029831228667806367;0.01062145094735165;0;8;0.0;0;0.5792408868437569
DIFFUSION MODELS;DIFFUSION MODELS;;3;24.0;4.0;0.28783958602846055;0.31348314606741545;1,71E+12;0.0011038676771693188;0;8;0.0;0;0.08214034644145486
DIRECTOR OF ANALYSIS AND INVESTMENTS;DIRECTOR OF ANALYSIS AND INVESTMENTS;;1;8.0;4.0;0.26742788461538464;0.27846441947565514;0.0;6,58E+11;0;9;0.0;0;0.019323431329330627
DOCKER;DOCKER;;23;180.0;4.0;0.382960413080895;0.4400749063670414;0.023830525514217923;0.006401643375767376;0;0;0.0;0;0.5758735477844281
DOCTORATE IN BIOMEDICAL SIGNAL PROCESSING;DOCTORATE IN BIOMEDICAL SIGNAL PROCESSING;;1;9.0;4.0;0.2667865707434053;0.2773408239700371;0.0;6,60E+11;0;3;0.0;0;0.017797359773723636
DOCTORATE IN ENGINEERING;DOCTORATE IN ENGINEERING;;1;10.0;4.0;0.2723378212974296;0.28689138576778994;0.0;5,97E+11;0;8;0.0;0;0.028034775780769832
DYLAN;DYLAN;;10;74.0;3.0;0.3526148969889065;0.36816479400749125;0.006441940564977565;0.0032549929519000323;0;1;0.0;0;0.1925180829832795
ELASTIC BEANSTALK;ELASTIC BEANSTALK;;2;16.0;4.0;0.2900912646675359;0.31591760299625443;1,13E+12;8,59E+11;0;9;0.0;0;0.07175416560728974
ELASTIC LOAD BALANCING;ELASTIC LOAD BALANCING;;1;8.0;4.0;0.2770859277708593;0.2947565543071158;0.0;6,08E+11;0;9;0.0;0;0.033385896231240775
ELASTICSEARCH;ELASTICSEARCH;;3;22.0;4.0;0.28858625162127105;0.3146067415730335;3,75E+11;0.0011690711214646567;0;8;0.0;0;0.07385921134982297
EMBEDDINGS;EMBEDDINGS;;8;63.0;4.0;0.3219971056439942;0.3642322097378279;0.0018301588286109565;0.00234167595498242;0;7;0.0;0;0.24658074116886552
ENGLISH;ENGLISH;;54;446.0;2.0;0.5322966507177034;0.5606741573033708;0.20374914710741418;0.016334103450859293;0;1;0.0;0;1.0
ENZO;ENZO;;58;471.0;3.0;0.3816466552315609;0.4400749063670437;0.06480278629830877;0.017633673440123666;0;8;0.0;0;0.6520167397738778
EQUITY AND DERIVATIVES TRADER;EQUITY AND DERIVATIVES TRADER;;1;8.0;4.0;0.26742788461538464;0.27846441947565514;0.0;6,58E+11;0;9;0.0;0;0.019323431329330627
ERIC;ERIC;;32;255.0;3.0;0.36535303776683087;0.4011235955056192;0.01584561359674765;0.008738708235157636;0;9;0.0;0;0.5547430192526795
EXPLAINABLE AI;EXPLAINABLE AI;;4;30.0;4.0;0.30067567567567566;0.33295880149812745;4,51E+12;0.0013608926767831064;0;7;0.0;0;0.1233712397454747
EXPRESS;EXPRESS;;1;9.0;4.0;0.2636255924170616;0.2717228464419473;0.0;7,88E+10;0;4;0.0;0;0.00856930387393145
FACIAL RECOGNITION;FACIAL RECOGNITION;;1;8.0;4.0;0.26742788461538464;0.27846441947565514;0.0;6,58E+11;0;9;0.0;0;0.019323431329330627
FASTAPI;FASTAPI;;4;23.0;4.0;0.29276315789473684;0.3217228464419475;8,99E+11;0.0015249557705331726;0;8;0.0;0;0.07833966660537098
FEATURE ENGINEERING;FEATURE ENGINEERING;;8;62.0;4.0;0.3120617110799439;0.35187265917603;0.0015734909434775759;0.0023343872700915098;0;8;0.0;0;0.2133039323228182
FEATURE STORES;FEATURE STORES;;3;23.0;4.0;0.2904699738903394;0.31741573033707854;1,79E+12;0.0010843927419419495;0;5;0.0;0;0.08533166019546887
FIGMA;FIGMA;;1;8.0;4.0;0.26300236406619387;0.2705992509363293;0.0;9,73E+11;0;5;0.0;0;0.007185605726270189
FINE-TUNING;FINE-TUNING;;6;48.0;4.0;0.32106782106782106;0.36123595505617984;0.0014752976470579471;0.0018721170226263446;0;7;0.0;0;0.20768645874147637
FLASK;FLASK;;2;14.0;4.0;0.2720048899755501;0.28726591760299597;1,05E+12;9,77E+11;0;0;0.0;0;0.03426415083905857
FORTRAN;FORTRAN;;1;8.0;4.0;0.2753712871287129;0.29194756554307083;0.0;5,76E+11;0;7;0.0;0;0.03653834714827317
FRANCISCO;FRANCISCO;;60;486.0;3.0;0.382960413080895;0.443071161048691;0.07931443383028025;0.019212043275561263;0;9;0.0;0;0.6507619405862206
FRENCH;FRENCH;;9;59.0;4.0;0.3252923976608187;0.36910112359550573;0.008641347417179257;0.003248109370461474;0;5;0.0;0;0.18162359705660364
FRONTEND SOFTWARE ENGINEER;FRONTEND SOFTWARE ENGINEER;;1;9.0;4.0;0.2636255924170616;0.2717228464419473;0.0;7,88E+10;0;4;0.0;0;0.00856930387393145
FULL STACK DEVELOPER;FULL STACK DEVELOPER;;3;24.0;4.0;0.2703523693803159;0.28539325842696595;2,11E+12;0.001323857352472814;0;4;0.0;0;0.03420699309876777
FULL STACK DEVELOPMENT;FULL STACK DEVELOPMENT;;1;8.0;4.0;0.2667865707434053;0.27734082397003723;0.0;6,07E+11;0;2;0.0;0;0.0195125911087969
FULL-STACK DEVELOPMENT;FULL-STACK DEVELOPMENT;;1;8.0;4.0;0.2667865707434053;0.27734082397003723;0.0;6,07E+11;0;2;0.0;0;0.0195125911087969
FULL STACK ENGINEER;FULL STACK ENGINEER;;2;18.0;4.0;0.26742788461538464;0.2794007490636702;1,45E+10;8,77E+11;0;2;0.0;0;0.039025182217593775
FUNCTIONAL ANALYST;FUNCTIONAL ANALYST;;1;10.0;4.0;0.2620730270906949;0.2689138576779023;0.0;7,45E+11;0;1;0.0;0;0.009550714543727223
GABRIEL;GABRIEL;;56;447.0;3.0;0.3803418803418803;0.43707865168539456;0.06001911684070569;0.01651155759368982;0;7;0.0;0;0.7736068746765027
GAEL;GAEL;;14;107.0;3.0;0.3548644338118022;0.37415730337078706;0.010167914903995311;0.004522370565128819;0;1;0.0;0;0.2091108384056321
GALICIAN;GALICIAN;;4;37.0;4.0;0.2841634738186462;0.3088014981273406;6,03E+11;0.0015447300673983894;0;1;0.0;0;0.06537570155312994
GAN;GAN;;2;16.0;4.0;0.2867268041237113;0.31086142322097354;8,84E+10;8,52E+11;0;2;0.0;0;0.06617644710737602
GCP;GCP;;1;7.0;4.0;0.2620730270906949;0.2689138576779023;0.0;6,80E+11;0;2;0.0;0;0.010392199073980615
GEN AI;GEN AI;;15;115.0;4.0;0.34178187403993854;0.39325842696629226;0.007028100915581475;0.004152983241052111;0;2;0.0;0;0.38204962819158617
GERMAN;GERMAN;;11;75.0;4.0;0.3090277777777778;0.3507490636704121;0.0028487089050175476;0.003180388821501665;0;1;0.0;0;0.23850208356373076
GIT;GIT;;3;22.0;4.0;0.2703523693803159;0.285393258426966;1,60E+12;0.0012124233764179229;0;2;0.0;0;0.05083541217193784
GITHUB;GITHUB;;1;8.0;4.0;0.26551312649164677;0.27509363295880124;0.0;6,79E+11;0;1;0.0;0;0.015748235448912393
GITHUB ACTIONS;GITHUB ACTIONS;;1;7.0;4.0;0.2620730270906949;0.2689138576779023;0.0;6,80E+11;0;2;0.0;0;0.010392199073980615
GO;GO;;1;8.0;4.0;0.2620730270906949;0.2689138576779023;0.0;6,80E+11;0;2;0.0;0;0.010392199073980615
GONZALO;GONZALO;;15;121.0;3.0;0.35543130990415334;0.3756554307116111;0.024352610244694595;0.00592660525094502;0;1;0.0;0;0.22879637930808694
GOOGLE CLOUD FUNCTIONS;GOOGLE CLOUD FUNCTIONS;;4;30.0;4.0;0.2830788804071247;0.30711610486891366;2,76E+12;0.0013763578613206918;0;2;0.0;0;0.08478678836845974
GOOGLE CLOUD PLATFORM;GOOGLE CLOUD PLATFORM;;2;14.0;4.0;0.26742788461538464;0.2794007490636702;1,45E+10;8,77E+11;0;2;0.0;0;0.039025182217593775
GOOGLE CLOUD RUN;GOOGLE CLOUD RUN;;3;22.0;4.0;0.2706812652068126;0.285955056179775;5,75E+10;0.0011315456065134587;0;2;0.0;0;0.05284581151598385
GRAFANA;GRAFANA;;9;70.0;4.0;0.3291420118343195;0.37359550561797766;0.0035214129084128274;0.0027150685135189047;0;1;0.0;0;0.22398813414480845
GRAPH NEURAL NETWORKS;GRAPH NEURAL NETWORKS;;2;16.0;4.0;0.28562259306803595;0.3091760299625465;6,68E+10;8,39E+11;0;2;0.0;0;0.06515847573101309
GRAPHQL;GRAPHQL;;1;9.0;4.0;0.2636255924170616;0.2717228464419473;0.0;7,88E+10;0;4;0.0;0;0.00856930387393145
GROOVY;GROOVY;;1;8.0;4.0;0.26839565741857657;0.2801498127340821;0.0;5,95E+11;0;8;0.0;0;0.02271693245204447
GUILLERMO;GUILLERMO;;29;213.0;3.0;0.36356209150326796;0.3966292134831474;0.03173681586057673;0.009227376535038937;0;2;0.0;0;0.38143764117606277
HASHICORP NOMAD;HASHICORP NOMAD;;1;8.0;4.0;0.26551312649164677;0.27509363295880124;0.0;6,71E+11;0;0;0.0;0;0.015071408501884006
HBASE;HBASE;;1;8.0;4.0;0.2770859277708593;0.2947565543071158;0.0;6,08E+11;0;9;0.0;0;0.033385896231240775
HECTOR;HECTOR;;31;244.0;3.0;0.36475409836065575;0.3996254681647945;0.05427146624501926;0.011752032571680386;0;9;0.0;0;0.3761799243255463
HEROKU;HEROKU;;1;1.0;4.0;0.2620730270906949;0.2689138576779023;0.0;7,42E+11;0;1;0.0;0;0.00985120026446035
HUGO;HUGO;;37;299.0;3.0;0.36837748344370863;0.4086142322097388;0.030302466826708424;0.010806513646475434;0;8;0.0;0;0.5049669543018829
HYPERPARAMETER TUNING;HYPERPARAMETER TUNING;;5;39.0;4.0;0.2966666666666667;0.3282771535580525;4,12E+11;0.0015608779273235008;0;8;0.0;0;0.1460828141476621
IAN;IAN;;14;106.0;3.0;0.3548644338118022;0.37415730337078723;0.0313612152848038;0.006678546110622672;0;1;0.0;0;0.18647999259933035
ICEBERG;ICEBERG;;5;39.0;4.0;0.2893368010403121;0.31760299625468147;3,34E+11;0.0015686331412592288;0;9;0.0;0;0.1285410241278385
IKER;IKER;;34;271.0;3.0;0.36655683690280066;0.40411985018726676;0.03318079416337164;0.010364515010291096;0;8;0.0;0;0.44888884274252805
IMAGE CLASSIFICATION;IMAGE CLASSIFICATION;;8;63.0;4.0;0.3103207810320781;0.3496254681647941;0.0013248237207811138;0.0023219853915611597;0;8;0.0;0;0.21203989830529635
IMPALA;IMPALA;;2;16.0;4.0;0.28525641025641024;0.3086142322097376;1,07E+12;8,75E+11;0;9;0.0;0;0.0594464849446808
INFORMATICA;INFORMATICA;;4;29.0;4.0;0.28343949044585987;0.3076779026217227;3,70E+12;0.0014199582465560022;0;8;0.0;0;0.07424180524510543
INFRASTRUCTURE AS CODE;INFRASTRUCTURE AS CODE;;2;15.0;4.0;0.26742788461538464;0.2794007490636702;1,45E+10;8,77E+11;0;2;0.0;0;0.039025182217593775
INSTANCE SEGMENTATION;INSTANCE SEGMENTATION;;2;16.0;4.0;0.27743142144638405;0.2962546816479398;3,56E+11;8,28E+11;0;8;0.0;0;0.05392438424030377
INTERN HYDROGEN TECHNOLOGIES ENGINEER;INTERN HYDROGEN TECHNOLOGIES ENGINEER;;1;8.0;4.0;0.26646706586826346;0.27677902621722816;0.0;5,85E+11;0;1;0.0;0;0.022571524959775033
INTERN TEST ENGINEER;INTERN TEST ENGINEER;;1;7.0;4.0;0.2620730270906949;0.2689138576779023;0.0;7,42E+11;0;1;0.0;0;0.00985120026446035
ITALIAN;ITALIAN;;2;14.0;4.0;0.27334152334152334;0.2895131086142319;4,34E+10;8,48E+11;0;6;0.0;0;0.03975564564812333
IZAN;IZAN;;17;130.0;3.0;0.35657051282051283;0.3786516853932595;0.06211460502076388;0.012744579000278755;0;5;0.0;0;0.1207956193859125
JAIME;JAIME;;28;223.0;3.0;0.3629690048939641;0.3951310861423231;0.021967283805738133;0.008191888446553308;0;1;0.0;0;0.4567107535706566
JAVA;JAVA;;10;76.0;4.0;0.30563186813186816;0.34531835205992506;0.0022267849456858065;0.0029702531653617555;0;1;0.0;0;0.1832788407370405
JAVA CONSULTANT;JAVA CONSULTANT;;1;8.0;4.0;0.2667865707434053;0.2773408239700371;0.0;6,60E+11;0;3;0.0;0;0.017797359773723636
JAVASCRIPT;JAVASCRIPT;;18;122.0;4.0;0.3371212121212121;0.39101123595505627;0.012616584826029422;0.005427253730013319;0;1;0.0;0;0.31414223422523513
JAVIER;JAVIER;;29;207.0;3.0;0.36356209150326796;0.3966292134831473;0.030488174592303043;0.009146373433497536;0;7;0.0;0;0.4290971256399759
JENKINS;JENKINS;;1;8.0;4.0;0.26519666269368297;0.2745318352059922;0.0;6,37E+11;0;6;0.0;0;0.017617448837067985
JEST;JEST;;2;17.0;4.0;0.26519666269368297;0.2754681647940072;9,70E+08;0.0012540567840300845;0;4;0.0;0;0.014890292479160402
JESUS;JESUS;;6;46.0;3.0;0.35039370078740156;0.3621722846441951;0.005690828735823654;0.002321020858070572;0;1;0.0;0;0.11922254187307013
JORGE;JORGE;;13;101.0;3.0;0.35429936305732485;0.37265917602996307;0.021097064757144117;0.005237695800787364;0;1;0.0;0;0.1959864120492096
JOSE;JOSE;;14;111.0;3.0;0.3548644338118022;0.37415730337078706;0.008768744924489598;0.004338434656339864;0;1;0.0;0;0.24792524831571255
JUAN;JUAN;;30;212.0;3.0;0.3641571194762684;0.398127340823971;0.04567399536640676;0.010831623172861562;0;0;0.0;0;0.37321884377703546
JUNIOR COMPUTER SCIENCE ENGINEER;JUNIOR COMPUTER SCIENCE ENGINEER;;1;7.0;4.0;0.2770859277708593;0.2947565543071158;0.0;6,08E+11;0;9;0.0;0;0.033385896231240775
JUNIOR CONSULTANT;JUNIOR CONSULTANT;;1;8.0;4.0;0.2667865707434053;0.2773408239700372;0.0;5,72E+11;0;8;0.0;0;0.02488414980415405
JUPYTER;JUPYTER;;1;8.0;4.0;0.2770859277708593;0.29475655430711584;0.0;6,07E+11;0;8;0.0;0;0.034235470254900154
JUPYTER NOTEBOOKS;JUPYTER NOTEBOOKS;;23;181.0;4.0;0.36898839137645106;0.4277153558052436;0.016928171695895687;0.006213060660363499;0;8;0.0;0;0.5947992945806738
KAFKA;KAFKA;;4;31.0;4.0;0.3035470668485675;0.3368913857677901;8,02E+11;0.0014261148583515808;0;2;0.0;0;0.11058020413433117
KERAS;KERAS;;1;8.0;4.0;0.2770859277708593;0.29475655430711584;0.0;6,07E+11;0;8;0.0;0;0.034235470254900154
KNOWLEDGE GRAPHS;KNOWLEDGE GRAPHS;;4;31.0;4.0;0.2900912646675359;0.31779026217228457;2,47E+12;0.001318451864636675;0;8;0.0;0;0.11105881861153849
KOTLIN;KOTLIN;;1;8.0;4.0;0.2703523693803159;0.28352059925093603;0.0;6,03E+09;0;5;0.0;0;0.026060588713439994
KUBERNETES;KUBERNETES;;6;47.0;4.0;0.31650071123755336;0.35561797752808993;0.001982428406398312;0.0019696543183249276;0;0;0.0;0;0.15719633024832338
KYLIN;KYLIN;;1;8.0;4.0;0.2770859277708593;0.2947565543071158;0.0;6,08E+11;0;9;0.0;0;0.033385896231240775
LANGCHAIN;LANGCHAIN;;10;77.0;4.0;0.3267254038179148;0.3717228464419476;0.0030551204532050205;0.0028683242142302206;0;2;0.0;0;0.2871291134478999
LANGUAGE MODELS;LANGUAGE MODELS;;7;56.0;4.0;0.3094575799721836;0.34756554307116105;9,19E+11;0.0020468401158068245;0;8;0.0;0;0.21268470777945375
LEAD DATA ENGINEER;LEAD DATA ENGINEER;;2;17.0;4.0;0.2827191867852605;0.3046816479400745;2,12E+11;9,72E+11;0;9;0.0;0;0.047015590204649085
LEAD DEVELOPER;LEAD DEVELOPER;;2;16.0;4.0;0.2795226130653266;0.2996254681647938;5,07E+10;8,41E+11;0;7;0.0;0;0.05218889867443903
LEO;LEO;;20;159.0;3.0;0.35829307568438;0.383146067415731;0.01856681315896961;0.006480673416187662;0;3;0.0;0;0.2876274020400345
LIAM;LIAM;;28;200.0;3.0;0.3629690048939641;0.3951310861423231;0.018028000148962733;0.007990196061915226;0;8;0.0;0;0.45967018169933904
LINUX;LINUX;;1;8.0;4.0;0.2667865707434053;0.2773408239700372;0.0;6,04E+11;0;7;0.0;0;0.021448970134111178
LLMS;LLMS;;17;131.0;4.0;0.3492935635792779;0.4029962546816482;0.009091053500314583;0.0046562988638897875;0;2;0.0;0;0.4340151525644168
LODASH;LODASH;;2;17.0;4.0;0.26519666269368297;0.2754681647940072;9,70E+08;0.0012540567840300845;0;4;0.0;0;0.014890292479160402
LOG PARSING;LOG PARSING;;1;8.0;4.0;0.2770859277708593;0.29475655430711584;0.0;6,07E+11;0;8;0.0;0;0.034235470254900154
LSTM;LSTM;;7;56.0;4.0;0.31785714285714284;0.3582397003745319;0.0014145117457325402;0.002096667923529996;0;7;0.0;0;0.22220543869679021
LUCA;LUCA;;35;285.0;3.0;0.36716171617161714;0.40561797752809087;0.028824724160624215;0.010130636661409651;0;8;0.0;0;0.5429966536564075
LUCAS;LUCAS;;34;273.0;3.0;0.36655683690280066;0.40411985018726687;0.02598783212425992;0.009656230410798635;0;8;0.0;0;0.5309529319069066
LUIS;LUIS;;29;236.0;3.0;0.36356209150326796;0.3966292134831467;0.05123170358518368;0.011054682577418628;0;3;0.0;0;0.34492685364007275
MACHINE LEARNING;MACHINE LEARNING;;2;18.0;4.0;0.2723378212974296;0.2878277153558049;2,77E+11;8,38E+11;0;8;0.0;0;0.04085600097932369
MACHINE LEARNING ENGINEER;MACHINE LEARNING ENGINEER;;3;25.0;4.0;0.28022670025188917;0.30168539325842675;1,42E+12;0.0011133803269851685;0;2;0.0;0;0.07179510081003489
MACHINE LEARNING ENGINEER TRAINEE;MACHINE LEARNING ENGINEER TRAINEE;;1;8.0;4.0;0.26839565741857657;0.28014981273408207;0.0;5,78E+11;0;8;0.0;0;0.026198916174138668
MACHINE TRANSLATION;MACHINE TRANSLATION;;2;16.0;4.0;0.28821243523316065;0.3131086142322095;6,81E+10;8,34E+11;0;7;0.0;0;0.06975584602681045
MANAGER;MANAGER;;1;9.0;4.0;0.2605386416861827;0.26610486891385743;0.0;6,44E+10;0;1;0.0;0;0.009137144142347791
MANUEL;MANUEL;;14;105.0;3.0;0.3548644338118022;0.37415730337078706;0.024506564767040575;0.0056700823004837125;0;2;0.0;0;0.19869532563665127
MAPREDUCE;MAPREDUCE;;5;40.0;4.0;0.30149051490514905;0.3350187265917602;7,17E+11;0.0016100874691445518;0;5;0.0;0;0.13505885348983743
MARC;MARC;;29;212.0;3.0;0.36356209150326796;0.3966292134831476;0.057509743706281966;0.01240639011522495;0;9;0.0;0;0.24794295085626772
MARCO;MARCO;;25;189.0;3.0;0.3612012987012987;0.39063670411985146;0.043041778972588575;0.009843423560014069;0;0;0.0;0;0.28745187647032233
MARCOS;MARCOS;;55;441.0;3.0;0.3796928327645051;0.4355805243445711;0.04899887394311082;0.015503346732230775;0;7;0.0;0;0.7336785154358733
MARIO;MARIO;;16;127.0;3.0;0.356;0.37715355805243517;0.011942848680344974;0.005145768591888903;0;8;0.0;0;0.25588601372386593
MARKETING MANAGER;MARKETING MANAGER;;1;7.0;4.0;0.26551312649164677;0.27509363295880124;0.0;6,71E+11;0;0;0.0;0;0.015071408501884006
MARTIN;MARTIN;;33;263.0;3.0;0.3659539473684211;0.4026217228464432;0.02033999561921956;0.009226622544841308;0;9;0.0;0;0.5565183537920969
MASTER OF AI AND DATA SCIENCE;MASTER OF AI AND DATA SCIENCE;;1;9.0;4.0;0.263938315539739;0.27228464419475623;0.0;6,22E+11;0;1;0.0;0;0.01505370255126152
MASTER OF ARTIFICIAL INTELLIGENCE;MASTER OF ARTIFICIAL INTELLIGENCE;;1;9.0;4.0;0.26937046004842613;0.28183520599250905;0.0;5,80E+11;0;8;0.0;0;0.028591033013524038
MASTER OF BIG DATA;MASTER OF BIG DATA;;2;18.0;4.0;0.2700242718446602;0.28389513108614206;7,49E+10;9,12E+11;0;3;0.0;0;0.032303309154805754
MASTER OF BIG DATA & ANALYTICS;MASTER OF BIG DATA & ANALYTICS;;2;18.0;4.0;0.26839565741857657;0.28108614232209705;6,33E+08;8,06E+11;0;9;0.0;0;0.05444453440954362
MASTER OF BIG DATA & BUSINESS ANALYTICS;MASTER OF BIG DATA & BUSINESS ANALYTICS;;2;19.0;4.0;0.28022670025188917;0.3007490636704117;5,10E+10;8,45E+11;0;8;0.0;0;0.05336812700754955
MASTER OF BIG DATA & DATA SCIENCE;MASTER OF BIG DATA & DATA SCIENCE;;1;9.0;4.0;0.25962660443407237;0.26441947565543045;0.0;6,65E+11;0;1;0.0;0;0.00627911866569446
MASTER OF BIG DATA ANALYTICS;MASTER OF BIG DATA ANALYTICS;;5;46.0;4.0;0.28452685421994883;0.31029962546816464;2,41E+12;0.0015457143563935899;0;8;0.0;0;0.11964095105575105
MASTER OF BIG DATA AND BUSINESS ANALYTICS;MASTER OF BIG DATA AND BUSINESS ANALYTICS;;1;9.0;4.0;0.2620730270906949;0.2689138576779023;0.0;7,45E+11;0;1;0.0;0;0.009550714543727223
MASTER OF BIG DATA AND DATA SCIENCE;MASTER OF BIG DATA AND DATA SCIENCE;;1;9.0;4.0;0.2667865707434053;0.2773408239700371;0.0;6,60E+11;0;3;0.0;0;0.017797359773723636
MASTER OF BUSINESS ADMINISTRATION;MASTER OF BUSINESS ADMINISTRATION;;1;9.0;4.0;0.2667865707434053;0.2773408239700371;0.0;6,60E+11;0;3;0.0;0;0.017797359773723636
MASTER OF BUSINESS ANALYTICS AND BIG DATA;MASTER OF BUSINESS ANALYTICS AND BIG DATA;;2;19.0;4.0;0.2667865707434053;0.2782771535580521;2,51E+11;8,67E+11;0;2;0.0;0;0.029402159471314197
MASTER OF BUSINESS CONSULTING;MASTER OF BUSINESS CONSULTING;;1;9.0;4.0;0.2757125154894672;0.2925093632958799;0.0;5,87E+11;0;7;0.0;0;0.038368269376048945
MASTER OF BUSINESS INTELLIGENCE AND BIG DATA SCIENCE;MASTER OF BUSINESS INTELLIGENCE AND BIG DATA SCIENCE;;1;9.0;4.0;0.26742788461538464;0.27846441947565514;0.0;6,58E+11;0;9;0.0;0;0.019323431329330627
MASTER OF CORPORATE COMMUNICATION;MASTER OF CORPORATE COMMUNICATION;;1;9.0;4.0;0.26300236406619387;0.2705992509363293;0.0;9,73E+11;0;5;0.0;0;0.007185605726270189
MASTER OF DATA SCIENCE;MASTER OF DATA SCIENCE;;4;36.0;4.0;0.296271637816245;0.32677902621722843;9,60E+11;0.0015113025875148204;0;1;0.0;0;0.09186229631713147
MASTER OF DATA SCIENCE & INNOVATION;MASTER OF DATA SCIENCE & INNOVATION;;1;9.0;4.0;0.2626918536009445;0.27003745318352035;0.0;6,09E+11;0;8;0.0;0;0.013050882678191236
MASTER OF DATA SCIENCE AND AI;MASTER OF DATA SCIENCE AND AI;;1;9.0;4.0;0.26176470588235295;0.26835205992509337;0.0;6,79E+11;0;1;0.0;0;0.010174393707099537
MASTER OF DATA SCIENCE AND ENGINEERING;MASTER OF DATA SCIENCE AND ENGINEERING;;1;9.0;4.0;0.27300613496932513;0.2880149812734079;0.0;5,81E+11;0;2;0.0;0;0.031940976852475836
MASTER OF INFORMATION AND COMMUNICATION SYSTEMS MANAGEMENT;MASTER OF INFORMATION AND COMMUNICATION SYSTEMS MANAGEMENT;;1;9.0;4.0;0.2620730270906949;0.2689138576779023;0.0;7,45E+11;0;1;0.0;0;0.009550714543727223
MASTER OF INTELLIGENT INTERACTIVE SYSTEM;MASTER OF INTELLIGENT INTERACTIVE SYSTEM;;1;9.0;4.0;0.2770859277708593;0.2947565543071158;0.0;6,08E+11;0;9;0.0;0;0.033385896231240775
MASTER OF LOGISTICS AND INTERNATIONAL TRADE;MASTER OF LOGISTICS AND INTERNATIONAL TRADE;;1;9.0;4.0;0.2623820754716981;0.26947565543071134;0.0;6,72E+11;0;1;0.0;0;0.01181022995434406
MASTER OF MANAGEMENT OF FINANCIAL INSTITUTIONS;MASTER OF MANAGEMENT OF FINANCIAL INSTITUTIONS;;1;9.0;4.0;0.26742788461538464;0.27846441947565514;0.0;6,58E+11;0;9;0.0;0;0.019323431329330627
MASTER OF SCIENCE & TECHNOLOGY;MASTER OF SCIENCE & TECHNOLOGY;;1;9.0;4.0;0.2723378212974296;0.28689138576778994;0.0;5,97E+11;0;8;0.0;0;0.028034775780769832
MASTER OF STATISTICS FOR DATA SCIENCE;MASTER OF STATISTICS FOR DATA SCIENCE;;1;9.0;4.0;0.26646706586826346;0.27677902621722816;0.0;5,79E+11;0;8;0.0;0;0.022732724333755654
MASTER OF STOCK AND FINANCIAL MARKETS;MASTER OF STOCK AND FINANCIAL MARKETS;;1;9.0;4.0;0.26742788461538464;0.27846441947565514;0.0;6,58E+11;0;9;0.0;0;0.019323431329330627
MASTER OF TELECOMMUNICATIONS ENGINEERING;MASTER OF TELECOMMUNICATIONS ENGINEERING;;3;27.0;4.0;0.27639751552795033;0.29550561797752783;2,15E+11;0.0011778370282124443;0;2;0.0;0;0.05225356423246535
MATEO;MATEO;;40;317.0;3.0;0.370216306156406;0.4131086142322108;0.0453088173623301;0.012544414159209169;0;5;0.0;0;0.513457959447756
MATERIAL-UI;MATERIAL-UI;;1;9.0;4.0;0.2636255924170616;0.2717228464419473;0.0;7,88E+10;0;4;0.0;0;0.00856930387393145
MATLAB;MATLAB;;9;45.0;4.0;0.31075418994413406;0.351123595505618;0.0020510882771876287;0.0026307970144920593;0;3;0.0;0;0.22321979002609862
MATPLOTLIB;MATPLOTLIB;;1;8.0;4.0;0.2770859277708593;0.29475655430711584;0.0;6,07E+11;0;8;0.0;0;0.034235470254900154
MICROSOFT AZURE;MICROSOFT AZURE;;1;1.0;4.0;0.26145710928319627;0.26779026217228435;0.0;7,07E+11;0;1;0.0;0;0.00972346686595625
MICROSOFT POWER BI;MICROSOFT POWER BI;;1;8.0;4.0;0.26551312649164677;0.27509363295880124;0.0;6,79E+11;0;1;0.0;0;0.015748235448912393
MICROSOFT SQL;MICROSOFT SQL;;1;9.0;4.0;0.26551312649164677;0.27509363295880124;0.0;6,79E+11;0;1;0.0;0;0.015748235448912393
MIGUEL;MIGUEL;;29;215.0;3.0;0.36356209150326796;0.39662921348314734;0.03173681586057673;0.009227376535038937;0;2;0.0;0;0.38143764117606277
MIRO;MIRO;;1;7.0;4.0;0.26300236406619387;0.2705992509363293;0.0;9,73E+11;0;5;0.0;0;0.007185605726270189
ML_ENGINEER;ML_ENGINEER;;1;8.0;4.0;0.2770859277708593;0.29475655430711584;0.0;6,07E+11;0;8;0.0;0;0.034235470254900154
ML ENGINEER;ML ENGINEER;;1;8.0;4.0;0.2757125154894672;0.2925093632958799;0.0;5,87E+11;0;7;0.0;0;0.038368269376048945
MLFLOW;MLFLOW;;11;85.0;4.0;0.3267254038179148;0.3726591760299627;0.003707219277047129;0.003167831987757553;0;7;0.0;0;0.293309751244593
MODEL CALIBRATION;MODEL CALIBRATION;;1;8.0;4.0;0.263938315539739;0.2722846441947563;0.0;6,12E+11;0;3;0.0;0;0.014685860317737772
MODEL COMPRESSION;MODEL COMPRESSION;;4;31.0;4.0;0.3090277777777778;0.34419475655430715;0.0012171098406429481;0.0014638984802178528;0;8;0.0;0;0.11345350204063442
MODEL EXPLAINABILITY;MODEL EXPLAINABILITY;;9;71.0;4.0;0.32434402332361517;0.3679775280898877;0.0031420003434986777;0.0027133834686479796;0;8;0.0;0;0.2359523838852049
MODEL INTERPRETABILITY;MODEL INTERPRETABILITY;;6;47.0;4.0;0.29946164199192465;0.33314606741573033;0.0011247236790446545;0.0019429888370345045;0;3;0.0;0;0.13886486705113535
MODEL OPTIMIZATION;MODEL OPTIMIZATION;;10;78.0;4.0;0.33458646616541354;0.3807116104868915;0.004209551674190328;0.002941914270390669;0;7;0.0;0;0.28685061893613856
MONGODB;MONGODB;;18;140.0;4.0;0.3617886178861789;0.41629213483146094;0.012772302432544215;0.005025225901468222;0;8;0.0;0;0.4609248001750658
MULTI-TASK LEARNING;MULTI-TASK LEARNING;;1;8.0;4.0;0.2770859277708593;0.29475655430711584;0.0;6,07E+11;0;8;0.0;0;0.034235470254900154
MURAL;MURAL;;1;7.0;4.0;0.26300236406619387;0.2705992509363293;0.0;9,73E+11;0;5;0.0;0;0.007185605726270189
NEO4J;NEO4J;;4;32.0;4.0;0.2970627503337784;0.3279026217228463;5,99E+10;0.0013967016091674697;0;9;0.0;0;0.10936605686449784
NEURAL ARCHITECTURE SEARCH;NEURAL ARCHITECTURE SEARCH;;1;8.0;4.0;0.27639751552795033;0.2936329588014978;0.0;5,95E+11;0;8;0.0;0;0.03321749887853725
NEURAL NETWORKS;NEURAL NETWORKS;;13;105.0;4.0;0.33763277693474963;0.3868913857677904;0.004687783327640492;0.003568746581690316;0;9;0.0;0;0.39166774593647974
NEXT.JS;NEXT.JS;;1;18.0;4.0;0.2636255924170616;0.2717228464419473;0.0;7,88E+10;0;4;0.0;0;0.00856930387393145
NICOLAS;NICOLAS;;20;156.0;3.0;0.35829307568438;0.38314606741573115;0.010690126522779416;0.005712296288075853;0;1;0.0;0;0.366915806038274
NLP;NLP;;13;104.0;4.0;0.332089552238806;0.38071161048689156;0.004864131432192954;0.00368315060247458;0;2;0.0;0;0.32250437777680374
NOAH;NOAH;;60;486.0;3.0;0.382960413080895;0.44307116104869065;0.07955729102812858;0.019147787596436087;0;8;0.0;0;0.6719038683631674
NODE.JS;NODE.JS;;1;9.0;4.0;0.2636255924170616;0.2717228464419473;0.0;7,88E+10;0;4;0.0;0;0.00856930387393145
NUMPY;NUMPY;;3;22.0;4.0;0.2900912646675359;0.3168539325842695;6,39E+11;0.001248499948409894;0;8;0.0;0;0.06849962109395873
OBJECT DETECTION;OBJECT DETECTION;;3;23.0;4.0;0.291994750656168;0.3196629213483145;2,32E+12;0.0011161875310234982;0;8;0.0;0;0.08760359726244978
OCR;OCR;;6;46.0;4.0;0.3052126200274348;0.3410112359550562;0.001009063991653169;0.0018906930951590854;0;8;0.0;0;0.16577632263830086
OH MY ZSH;OH MY ZSH;;1;1.0;4.0;0.26551312649164677;0.27509363295880124;0.0;6,71E+11;0;0;0.0;0;0.015071408501884006
OLIVER;OLIVER;;29;227.0;3.0;0.36356209150326796;0.39662921348314717;0.016643311277740123;0.008036903477817148;0;8;0.0;0;0.5073716660616857
ONNX;ONNX;;2;15.0;4.0;0.27882205513784464;0.29850187265917577;1,51E+12;9,21E+11;0;3;0.0;0;0.045832135554493454
OPENCV;OPENCV;;1;7.0;4.0;0.26710684273709484;0.2779026217228462;0.0;6,43E+11;0;0;0.0;0;0.019192742337174544
OPERATION RESEARCH;OPERATION RESEARCH;;1;8.0;4.0;0.2667865707434053;0.2773408239700371;0.0;6,60E+11;0;3;0.0;0;0.017797359773723636
ORACLE SQL;ORACLE SQL;;1;1.0;4.0;0.26551312649164677;0.27509363295880124;0.0;6,79E+11;0;1;0.0;0;0.015748235448912393
OWNER;OWNER;;1;8.0;4.0;0.2667865707434053;0.2773408239700372;0.0;6,04E+11;0;7;0.0;0;0.021448970134111178
PABLO;PABLO;;11;84.0;3.0;0.3531746031746032;0.36966292134831513;0.0019050174625253578;0.003184761193400204;0;1;0.0;0;0.23592362988597917
PANDAS;PANDAS;;2;15.0;4.0;0.2703523693803159;0.284456928838951;1,93E+11;0.001048264855740457;0;1;0.0;0;0.029043942601634894
PARTNER;PARTNER;;1;7.0;4.0;0.2620730270906949;0.2689138576779023;0.0;7,42E+11;0;1;0.0;0;0.00985120026446035
PAU;PAU;;6;41.0;3.0;0.35039370078740156;0.36217228464419504;0.0017077741521846325;0.0020140293591741653;0;1;0.0;0;0.11292482851493642
PHOTOSHOP;PHOTOSHOP;;1;7.0;4.0;0.26551312649164677;0.27509363295880124;0.0;6,79E+11;0;1;0.0;0;0.015748235448912393
PHP;PHP;;2;9.0;4.0;0.26937046004842613;0.28277153558052404;8,06E+09;9,52E+11;0;1;0.0;0;0.02879911812710363
POLARS;POLARS;;1;8.0;4.0;0.2620730270906949;0.2689138576779023;0.0;7,42E+11;0;1;0.0;0;0.00985120026446035
PORTUGUESE;PORTUGUESE;;1;7.0;4.0;0.26646706586826346;0.27677902621722816;0.0;5,85E+11;0;1;0.0;0;0.022571524959775033
POSTGRESQL;POSTGRESQL;;1;8.0;4.0;0.2623820754716981;0.26947565543071134;0.0;6,72E+11;0;1;0.0;0;0.01181022995434406
POWERBI;POWERBI;;1;7.0;4.0;0.26300236406619387;0.2705992509363293;0.0;9,73E+11;0;5;0.0;0;0.007185605726270189
PRESTO;PRESTO;;1;8.0;4.0;0.2703523693803159;0.28352059925093603;0.0;6,03E+09;0;5;0.0;0;0.026060588713439994
PROGRAMMER;PROGRAMMER;;3;22.0;4.0;0.28022670025188917;0.3016853932584267;1,43E+11;0.0011103421400188596;0;3;0.0;0;0.06537874138155797
PROJECT MANAGER;PROJECT MANAGER;;1;9.0;4.0;0.26551312649164677;0.27509363295880124;0.0;6,71E+11;0;0;0.0;0;0.015071408501884006
PROMETHEUS;PROMETHEUS;;1;7.0;4.0;0.2723378212974296;0.28689138576778994;0.0;5,97E+11;0;8;0.0;0;0.028034775780769832
PROMPT ENGINEERING;PROMPT ENGINEERING;;7;54.0;4.0;0.30563186813186816;0.34250936329588016;0.001067983987550632;0.002083677500284418;0;2;0.0;0;0.177127048094599
PROTOTYPING;PROTOTYPING;;1;8.0;4.0;0.26300236406619387;0.2705992509363293;0.0;9,73E+11;0;5;0.0;0;0.007185605726270189
PULUMI;PULUMI;;2;16.0;4.0;0.2830788804071247;0.3052434456928836;2,45E+11;9,43E+11;0;0;0.0;0;0.04845730473312479
PYCARET;PYCARET;;1;8.0;4.0;0.2667865707434053;0.2773408239700371;0.0;6,60E+11;0;3;0.0;0;0.017797359773723636
PYGAME;PYGAME;;1;7.0;4.0;0.26551312649164677;0.27509363295880124;0.0;6,71E+11;0;0;0.0;0;0.015071408501884006
PYJWT;PYJWT;;1;7.0;4.0;0.26710684273709484;0.2779026217228462;0.0;6,43E+11;0;0;0.0;0;0.019192742337174544
PYSPARK;PYSPARK;;5;40.0;4.0;0.28200253485424587;0.30636704119850167;0.0012423440475333599;0.0020371070329786743;0;1;0.0;0;0.06734694351859305
PYTEST;PYTEST;;2;14.0;4.0;0.2720048899755501;0.28726591760299597;1,05E+12;9,77E+11;0;0;0.0;0;0.03426415083905857
PYTHON;PYTHON;;40;332.0;4.0;0.4337231968810916;0.4941947565543072;0.07309970247818245;0.011486156075276106;0;1;0.0;0;0.7929412495832827
R;R;;17;84.0;4.0;0.33458646616541354;0.3872659176029964;0.008030235296504795;0.004766309296958735;0;6;0.0;0;0.3995646798996255
RAG;RAG;;10;76.0;4.0;0.31831187410586553;0.36161048689138575;0.002480311142101921;0.002861090415668498;0;7;0.0;0;0.25946730207428215
REACT;REACT;;2;27.0;4.0;0.26519666269368297;0.2754681647940072;9,70E+08;0.0012540567840300845;0;4;0.0;0;0.014890292479160402
REACT HOOK FORM;REACT HOOK FORM;;1;1.0;4.0;0.2636255924170616;0.2717228464419473;0.0;7,88E+10;0;4;0.0;0;0.00856930387393145
REACT-HOOK-FORM;REACT-HOOK-FORM;;1;8.0;4.0;0.2608440797186401;0.2666666666666664;0.0;8,03E+11;0;4;0.0;0;0.0063209886052289525
REACT-ROUTER;REACT-ROUTER;;1;1.0;4.0;0.2608440797186401;0.2666666666666664;0.0;8,03E+11;0;4;0.0;0;0.0063209886052289525
RECOMMENDATION SYSTEMS;RECOMMENDATION SYSTEMS;;3;23.0;4.0;0.2943121693121693;0.32303370786516855;2,43E+11;0.0011079116855574349;0;8;0.0;0;0.09018569346719313
REDSHIFT;REDSHIFT;;4;30.0;4.0;0.3052126200274348;0.33913857677902626;7,53E+11;0.001395129473498388;0;9;0.0;0;0.11608714102465906
REDUX;REDUX;;1;9.0;4.0;0.2636255924170616;0.2717228464419473;0.0;7,88E+10;0;4;0.0;0;0.00856930387393145
REINFORCEMENT LEARNING;REINFORCEMENT LEARNING;;2;16.0;4.0;0.28452685421994883;0.30749063670411964;7,46E+10;8,40E+11;0;8;0.0;0;0.06005942628978035
REQUESTS;REQUESTS;;1;1.0;4.0;0.26710684273709484;0.2779026217228462;0.0;6,43E+11;0;0;0.0;0;0.019192742337174544
RESEARCH ASSISTANT;RESEARCH ASSISTANT;;2;15.0;4.0;0.278125;0.29737827715355775;3,53E+11;8,32E+11;0;8;0.0;0;0.052918925584923886
RESEARCHER;RESEARCHER;;1;8.0;4.0;0.26871980676328505;0.2807116104868911;0.0;5,82E+11;0;8;0.0;0;0.026841927411243107
REST APIS;REST APIS;;2;15.0;4.0;0.26742788461538464;0.2794007490636702;1,45E+10;8,77E+11;0;2;0.0;0;0.039025182217593775
RNN;RNN;;4;32.0;4.0;0.2998652291105121;0.3318352059925093;3,95E+11;0.0013456104666574257;0;7;0.0;0;0.1317136117389972
RODRIGO;RODRIGO;;24;194.0;3.0;0.3606158833063209;0.38913857677902675;0.03379145049333376;0.008491313742793985;0;6;0.0;0;0.3477914992009202
SAFE 5;SAFE 5;;1;7.0;4.0;0.26551312649164677;0.27509363295880124;0.0;6,79E+11;0;1;0.0;0;0.015748235448912393
SALES DIRECTOR;SALES DIRECTOR;;1;9.0;4.0;0.26742788461538464;0.27846441947565514;0.0;6,58E+11;0;9;0.0;0;0.019323431329330627
SAMUEL;SAMUEL;;31;244.0;3.0;0.36475409836065575;0.399625468164795;0.015603067049044099;0.008485884753707077;0;7;0.0;0;0.4964071998532237
SAP CONSULTANT;SAP CONSULTANT;;1;8.0;4.0;0.2667865707434053;0.2773408239700371;0.0;6,60E+11;0;3;0.0;0;0.017797359773723636
SCALA;SCALA;;6;49.0;4.0;0.2978580990629183;0.3308988764044943;0.0011502249562800446;0.0019713997779772143;0;6;0.0;0;0.13227958931922085
SCRAPY;SCRAPY;;1;7.0;4.0;0.26551312649164677;0.27509363295880124;0.0;6,71E+11;0;0;0.0;0;0.015071408501884006
SECURITY;SECURITY;;1;7.0;4.0;0.2620730270906949;0.2689138576779023;0.0;6,80E+11;0;2;0.0;0;0.010392199073980615
SELF-SUPERVISED LEARNING;SELF-SUPERVISED LEARNING;;3;24.0;4.0;0.30313351498637603;0.3353932584269662;4,87E+10;0.0011375227852507067;0;8;0.0;0;0.10083886536467816
SEMANTIC SEGMENTATION;SEMANTIC SEGMENTATION;;1;8.0;4.0;0.26937046004842613;0.28183520599250905;0.0;5,84E+11;0;8;0.0;0;0.02533335122677969
SENIOR ANDROID DEVELOPER;SENIOR ANDROID DEVELOPER;;1;8.0;4.0;0.2605386416861827;0.26610486891385743;0.0;6,51E+11;0;1;0.0;0;0.008062541475818722
SENIOR BIG DATA DEVELOPER;SENIOR BIG DATA DEVELOPER;;1;9.0;4.0;0.26145710928319627;0.26779026217228435;0.0;7,07E+11;0;1;0.0;0;0.00972346686595625
SENIOR BIG DATA ENGINEER;SENIOR BIG DATA ENGINEER;;1;9.0;4.0;0.2667865707434053;0.2773408239700371;0.0;7,00E+11;0;9;0.0;0;0.013629693973408297
SENIOR CONSULTANT;SENIOR CONSULTANT;;2;18.0;4.0;0.2626918536009445;0.27097378277153533;6,61E+09;8,85E+11;0;1;0.0;0;0.018598334203588036
SENIOR DATA ENGINEER;SENIOR DATA ENGINEER;;6;54.0;4.0;0.28635778635778636;0.3140449438202245;8,08E+11;0.002016147508938568;0;6;0.0;0;0.11057713935532808
SENIOR DATA SCIENTIST;SENIOR DATA SCIENTIST;;3;27.0;4.0;0.2943121693121693;0.3230337078651684;2,06E+11;0.0010868885105016464;0;7;0.0;0;0.10294139230509207
SENIOR MACHINE LEARNING ENGINEER;SENIOR MACHINE LEARNING ENGINEER;;1;8.0;4.0;0.2723378212974296;0.28689138576778994;0.0;5,97E+11;0;8;0.0;0;0.028034775780769832
SENIOR NET DEVELOPER;SENIOR NET DEVELOPER;;1;9.0;4.0;0.2605386416861827;0.26610486891385743;0.0;6,51E+11;0;1;0.0;0;0.008062541475818722
SENTIMENT ANALYSIS;SENTIMENT ANALYSIS;;8;63.0;4.0;0.31560283687943264;0.35636704119850204;0.001976660895235815;0.0024170289673960056;0;8;0.0;0;0.1979712915079341
SERGIO;SERGIO;;12;95.0;3.0;0.3537360890302067;0.37116104868913885;0.02351334953451647;0.005233981859058007;0;1;0.0;0;0.18732907055705586
SERVICE MANAGER;SERVICE MANAGER;;1;9.0;4.0;0.2620730270906949;0.2689138576779023;0.0;7,45E+11;0;1;0.0;0;0.009550714543727223
SHELL;SHELL;;6;33.0;4.0;0.30313351498637603;0.3382022471910112;0.001651454912265295;0.0020229676288533137;0;0;0.0;0;0.12804551023491006
SIMULATION ENGINEER;SIMULATION ENGINEER;;1;8.0;4.0;0.2753712871287129;0.29194756554307083;0.0;5,76E+11;0;7;0.0;0;0.03653834714827317
SNOWFLAKE;SNOWFLAKE;;1;8.0;4.0;0.2770859277708593;0.2947565543071158;0.0;6,08E+11;0;9;0.0;0;0.033385896231240775
SOFTWARE DEVELOPER;SOFTWARE DEVELOPER;;7;58.0;4.0;0.29905913978494625;0.33352059925093624;0.0018072424382500499;0.002315505244763815;0;1;0.0;0;0.11473302539780096
SOFTWARE DEVELOPMENT;SOFTWARE DEVELOPMENT;;1;8.0;4.0;0.2757125154894672;0.2925093632958799;0.0;5,87E+11;0;7;0.0;0;0.038368269376048945
SOFTWARE ENGINEER;SOFTWARE ENGINEER;;2;16.0;4.0;0.26551312649164677;0.27602996254681617;1,06E+12;0.0010772098492805293;0;1;0.0;0;0.021661430218804425
SOFTWARE ENGINEER INTERN;SOFTWARE ENGINEER INTERN;;1;7.0;4.0;0.26937046004842613;0.28183520599250905;0.0;5,80E+11;0;8;0.0;0;0.028591033013524038
SOLUTION ARCHITECT;SOLUTION ARCHITECT;;1;8.0;4.0;0.2667865707434053;0.2773408239700371;0.0;7,00E+11;0;9;0.0;0;0.013629693973408297
SOLUTIONS ARCHITECT;SOLUTIONS ARCHITECT;;1;8.0;4.0;0.26145710928319627;0.26779026217228435;0.0;7,07E+11;0;1;0.0;0;0.00972346686595625
SPANISH;SPANISH;;52;517.0;4.0;0.5235294117647059;0.5548689138576779;0.1928347517756401;0.015781136366343464;0;1;0.0;0;0.9725395022089457
SPARK;SPARK;;13;95.0;4.0;0.33814589665653494;0.38745318352059943;0.006572909329469035;0.0037326550524982294;0;9;0.0;0;0.3319986598449509
SPECIALIST DATA SCIENTIST;SPECIALIST DATA SCIENTIST;;1;9.0;4.0;0.27639751552795033;0.2936329588014978;0.0;5,95E+11;0;8;0.0;0;0.03321749887853725
SPEECH TO TEXT;SPEECH TO TEXT;;1;7.0;4.0;0.2667865707434053;0.2773408239700372;0.0;6,04E+11;0;7;0.0;0;0.021448970134111178
SPEECH-TO-TEXT;SPEECH-TO-TEXT;;1;8.0;4.0;0.27639751552795033;0.2936329588014978;0.0;5,95E+11;0;8;0.0;0;0.03321749887853725
SQL;SQL;;8;52.0;4.0;0.3047945205479452;0.3423220973782771;0.0037066444000436543;0.0028621282195242202;0;1;0.0;0;0.14093817442693568
SQL OPTIMIZATION;SQL OPTIMIZATION;;3;24.0;4.0;0.28058007566204285;0.3022471910112357;2,63E+11;0.001172527218507478;0;1;0.0;0;0.05386684690100105
STREAMLIT;STREAMLIT;;10;78.0;4.0;0.31785714285714284;0.36104868913857674;0.0020671502302030374;0.002825674104519534;0;8;0.0;0;0.25628449932563846
STUDENT INTERN;STUDENT INTERN;;1;7.0;4.0;0.26839565741857657;0.28014981273408207;0.0;5,78E+11;0;8;0.0;0;0.026198916174138668
SUPPLY CHAIN MANAGEMENT;SUPPLY CHAIN MANAGEMENT;;1;9.0;4.0;0.2623820754716981;0.26947565543071134;0.0;6,72E+11;0;1;0.0;0;0.01181022995434406
SYNTHETIC DATA GENERATION;SYNTHETIC DATA GENERATION;;1;8.0;4.0;0.2680722891566265;0.2795880149812731;0.0;5,74E+10;0;9;0.0;0;0.027295965385066838
TABLEAU PREP;TABLEAU PREP;;1;8.0;4.0;0.27639751552795033;0.2936329588014978;0.0;5,95E+11;0;8;0.0;0;0.03321749887853725
TECH DIRECTOR;TECH DIRECTOR;;1;9.0;4.0;0.2667865707434053;0.2773408239700371;0.0;7,00E+11;0;9;0.0;0;0.013629693973408297
TELECOMMUNICATIONS ENGINEER;TELECOMMUNICATIONS ENGINEER;;1;8.0;4.0;0.2648809523809524;0.27397003745318327;0.0;5,75E+10;0;2;0.0;0;0.019144432706440218
TERRAFORM;TERRAFORM;;9;69.0;4.0;0.32106782106782106;0.36404494382022484;0.004319201968401536;0.0028368688612318152;0;2;0.0;0;0.20504115033728404
TEXT CLASSIFICATION;TEXT CLASSIFICATION;;7;55.0;4.0;0.3151558073654391;0.35486891385767794;0.001444419501381152;0.0021238583182366325;0;8;0.0;0;0.19986692392833444
TEXT PROCESSING;TEXT PROCESSING;;4;32.0;4.0;0.30067567567567566;0.33295880149812734;4,86E+11;0.0013780996421853947;0;8;0.0;0;0.11704219895990182
TEXT SUMMARIZATION;TEXT SUMMARIZATION;;4;31.0;4.0;0.30272108843537415;0.33576779026217235;5,27E+11;0.0013701421278259065;0;8;0.0;0;0.12407877792773138
TEXT TO SPEECH;TEXT TO SPEECH;;1;7.0;4.0;0.2667865707434053;0.2773408239700372;0.0;6,04E+11;0;7;0.0;0;0.021448970134111178
THIAGO;THIAGO;;48;389.0;3.0;0.3752107925801012;0.42509363295880276;0.04318903497979774;0.013837031856552497;0;2;0.0;0;0.6400701320657269
TIME SERIES FORECASTING;TIME SERIES FORECASTING;;8;64.0;4.0;0.31922525107604016;0.3608614232209739;0.002416559468704375;0.002413817968219422;0;9;0.0;0;0.22762199255604101
TRANSFER LEARNING;TRANSFER LEARNING;;3;23.0;4.0;0.29276315789473684;0.3207865168539325;2,50E+12;0.0011139595644889192;0;8;0.0;0;0.0891121734469132
TRANSFORMERS;TRANSFORMERS;;5;40.0;4.0;0.3090277777777778;0.3451310861423222;7,82E+11;0.0016095207681616857;0;8;0.0;0;0.16061712507600454
TREASURY AND CAPITAL MARKETS ANALYST;TREASURY AND CAPITAL MARKETS ANALYST;;1;7.0;4.0;0.26742788461538464;0.27846441947565514;0.0;6,58E+11;0;9;0.0;0;0.019323431329330627
TYPESCRIPT;TYPESCRIPT;;12;58.0;4.0;0.29314888010540185;0.32977528089887637;0.004111609831596298;0.003918883666692567;0;2;0.0;0;0.14605395401833499
UNITY;UNITY;;1;8.0;4.0;0.26551312649164677;0.27509363295880124;0.0;6,79E+11;0;1;0.0;0;0.015748235448912393
UNIVERSITY LECTURER;UNIVERSITY LECTURER;;1;8.0;4.0;0.26937046004842613;0.28183520599250905;0.0;5,80E+11;0;8;0.0;0;0.028591033013524038
UNIX;UNIX;;1;1.0;4.0;0.26519666269368297;0.2745318352059922;0.0;6,37E+11;0;6;0.0;0;0.017617448837067985
USER RESEARCH;USER RESEARCH;;1;8.0;4.0;0.26300236406619387;0.2705992509363293;0.0;9,73E+11;0;5;0.0;0;0.007185605726270189
UX DESIGN;UX DESIGN;;1;9.0;4.0;0.26300236406619387;0.2705992509363293;0.0;9,73E+11;0;5;0.0;0;0.007185605726270189
UX DESIGNER;UX DESIGNER;;1;9.0;4.0;0.26300236406619387;0.2705992509363293;0.0;9,73E+11;0;5;0.0;0;0.007185605726270189
VAGRANT;VAGRANT;;1;7.0;4.0;0.26710684273709484;0.2779026217228462;0.0;6,43E+11;0;0;0.0;0;0.019192742337174544
VAULT;VAULT;;1;7.0;4.0;0.26710684273709484;0.2779026217228462;0.0;6,43E+11;0;0;0.0;0;0.019192742337174544
VIDEO ANALYSIS;VIDEO ANALYSIS;;1;8.0;4.0;0.26871980676328505;0.2807116104868911;0.0;5,82E+11;0;8;0.0;0;0.026841927411243107
VISUAL BASIC;VISUAL BASIC;;3;10.0;4.0;0.27267156862745096;0.2893258426966288;1,97E+12;0.0012278505143322495;0;1;0.0;0;0.043388744546819014
VITE;VITE;;1;8.0;4.0;0.2608440797186401;0.2666666666666664;0.0;8,03E+11;0;4;0.0;0;0.0063209886052289525
VUEJS;VUEJS;;1;8.0;4.0;0.26551312649164677;0.27509363295880124;0.0;6,79E+11;0;1;0.0;0;0.015748235448912393
WEB COMMUNICATION MANAGER;WEB COMMUNICATION MANAGER;;1;8.0;4.0;0.26300236406619387;0.2705992509363293;0.0;9,73E+11;0;5;0.0;0;0.007185605726270189
WEB DEVELOPER;WEB DEVELOPER;;3;23.0;4.0;0.28058007566204285;0.3022471910112358;9,28E+11;0.0013888396187117598;0;1;0.0;0;0.04703447177488837
WEIGHTS & BIASES;WEIGHTS & BIASES;;1;8.0;4.0;0.2770859277708593;0.29475655430711584;0.0;6,07E+11;0;8;0.0;0;0.034235470254900154
XML;XML;;1;7.0;4.0;0.26551312649164677;0.27509363295880124;0.0;6,79E+11;0;1;0.0;0;0.015748235448912393
ZUSTAND;ZUSTAND;;1;9.0;4.0;0.2636255924170616;0.2717228464419473;0.0;7,88E+10;0;4;0.0;0;0.00856930387393145
